Age_Group,Gender,Run_Time,Run_Points,HAMR_Shuttles,HAMR_Points,Pushups,Pushup_Points,HandReleasePushups,HandReleasePushup_Points,Situps,Situp_Points,CrossLegCrunch,CrossLegCrunch_Points,Plank_Time,Plank_Points
<25,Male,13:25,50.0,100,50.0,,,,,,,,,,
<25,Male,13:55,49.4,94,49.4,,,,,,,,,,
<25,Male,14:12,48.8,92,48.8,,,,,,,,,,
<25,Male,14:27,48.1,88,48.1,,,,,,,,,,
<25,Male,14:41,47.5,86,47.5,,,,,,,,,,
<25,Male,15:05,46.9,83,46.9,,,,,,,,,,
<25,Male,15:17,46.3,80,46.3,,,,,,,,,,
<25,Male,15:28,45.6,77,45.6,,,,,,,,,,
<25,Male,15:38,45.0,74,45.0,,,,,,,,,,
<25,Male,16:09,43.9,71,43.9,,,,,,,,,,
<25,Male,16:29,42.9,68,42.9,,,,,,,,,,
<25,Male,16:49,41.8,65,41.8,,,,,,,,,,
<25,Male,17:08,40.7,62,40.7,,,,,,,,,,
<25,Male,17:18,39.6,59,39.6,,,,,,,,,,
<25,Male,17:37,38.6,56,38.6,,,,,,,,,,
<25,Male,17:55,37.5,54,37.5,,,,,,,,,,
<25,Male,18:23,35.5,51,35.5,,,,,,,,,,
<25,Male,18:39,34.0,48,34.0,,,,,,,,,,
<25,Male,19:07,32.5,45,32.5,,,,,,,,,,
<25,Male,19:36,31.0,42,31.0,,,,,,,,,,
<25,Male,,,,,67,15.0,40,15.0,58,15.0,49,15.0,3:35,15.0
<25,Male,,,,,66,14.9,39,14.7,57,14.8,48,14.7,3:30,14.8
<25,Male,,,,,65,14.7,38,14.4,56,14.6,47,14.5,3:25,14.5
<25,Male,,,,,64,14.6,37,14.1,55,14.3,46,14.2,3:18,14.2
<25,Male,,,,,63,14.4,36,13.8,54,14.1,45,14.0,3:12,13.9
<25,Male,,,,,62,14.3,35,13.5,53,13.8,44,13.7,3:05,13.5
<25,Male,,,,,61,14.1,34,13.2,52,13.5,43,13.5,2:45,12.6
<25,Male,,,,,60,14.0,33,12.9,51,13.2,42,13.2,2:25,11.5
<25,Male,,,,,59,13.8,32,12.6,50,13.1,41,12.9,2:05,10.5
<25,Male,,,,,58,13.7,31,12.3,49,12.8,40,12.6,1:55,10.0
<25,Male,,,,,57,13.5,30,12.0,48,12.5,39,12.3,1:25,8.5
<25,Male,,,,,56,13.4,29,11.7,47,12.0,38,12.1,1:05,7.5
<25,Male,,,,,55,13.2,28,11.4,46,11.3,37,11.8,,
<25,Male,,,,,54,13.1,27,11.1,45,10.5,36,11.6,,
<25,Male,,,,,53,12.9,26,10.8,44,9.8,35,11.3,,
<25,Male,,,,,52,12.8,25,10.5,43,9.5,34,11.0,,
<25,Male,,,,,51,12.6,24,10.2,42,9.0,33,10.8,,
<25,Male,,,,,50,12.5,23,9.9,41,6.8,32,10.5,,
<25,Male,,,,,49,12.3,22,9.6,40,4.5,31,10.2,,
<25,Male,,,,,48,12.2,21,9.3,39,2.3,30,9.9,,
<25,Male,,,,,47,12.0,20,9.0,29,9.7,,,,
<25,Male,,,,,46,11.7,19,8.7,28,9.4,,,,
<25,Male,,,,,45,11.6,18,8.4,27,9.1,,,,
<25,Male,,,,,44,11.3,17,8.1,26,8.9,,,,
<25,Male,,,,,43,11.0,16,7.8,25,8.6,,,,
<25,Male,,,,,42,10.8,15,7.5,24,8.4,,,,
<25,Male,,,,,41,10.5,23,8.1,,,,,,
<25,Male,,,,,40,10.2,22,7.8,,,,,,
<25,Male,,,,,39,9.8,21,7.5,,,,,,
<25,Male,,,,,38,9.5,,,,,,,,
<25,Male,,,,,37,9.0,,,,,,,,
<25,Male,,,,,36,8.7,,,,,,,,
<25,Male,,,,,35,8.3,,,,,,,,
<25,Male,,,,,34,8.0,,,,,,,,
<25,Male,,,,,33,7.5,,,,,,,,
<25,Male,,,,,32,5.3,,,,,,,,
<25,Male,,,,,31,3.0,,,,,,,,
<25,Male,,,,,30,0.8,,,,,,,,
25-29,Male,13:25,50.0,97,50.0,,,,,,,,,,
25-29,Male,13:55,49.4,92,49.4,,,,,,,,,,
25-29,Male,14:12,48.8,88,48.8,,,,,,,,,,
25-29,Male,14:27,48.1,86,48.1,,,,,,,,,,
25-29,Male,14:41,47.5,83,47.5,,,,,,,,,,
25-29,Male,15:05,46.9,80,46.9,,,,,,,,,,
25-29,Male,15:17,46.3,77,46.3,,,,,,,,,,
25-29,Male,15:28,45.6,74,45.6,,,,,,,,,,
25-29,Male,15:38,45.0,71,45.0,,,,,,,,,,
25-29,Male,16:14,43.9,68,43.9,,,,,,,,,,
25-29,Male,16:33,42.9,65,42.9,,,,,,,,,,
25-29,Male,16:52,41.8,62,41.8,,,,,,,,,,
25-29,Male,17:12,40.7,59,40.7,,,,,,,,,,
25-29,Male,17:30,39.6,56,39.6,,,,,,,,,,
25-29,Male,17:47,38.6,54,38.6,,,,,,,,,,
25-29,Male,18:04,37.5,51,37.5,,,,,,,,,,
25-29,Male,18:23,35.5,48,35.5,,,,,,,,,,
25-29,Male,18:39,34.0,45,34.0,,,,,,,,,,
25-29,Male,19:15,32.5,42,32.5,,,,,,,,,,
25-29,Male,19:30,31.0,39,31.0,,,,,,,,,,
25-29,Male,,,,,62,15.0,40,15.0,56,15.0,48,15.0,3:30,15.0
25-29,Male,,,,,61,14.8,39,14.7,55,14.6,47,14.6,3:25,14.8
25-29,Male,,,,,60,14.6,38,14.4,54,14.3,46,14.3,3:20,14.5
25-29,Male,,,,,59,14.3,37,14.1,53,14.1,45,14.1,3:14,14.2
25-29,Male,,,,,58,14.1,36,13.8,52,13.8,44,13.8,3:03,13.7
25-29,Male,,,,,57,14.0,35,13.5,51,13.5,43,13.5,3:00,13.5
25-29,Male,,,,,56,13.8,34,13.2,50,13.2,42,13.2,2:40,12.5
25-29,Male,,,,,55,13.7,33,12.9,49,13.1,41,13.1,2:20,11.5
25-29,Male,,,,,54,13.5,32,12.6,48,12.8,40,12.8,2:00,10.5
25-29,Male,,,,,53,13.4,31,12.3,47,12.5,39,12.5,1:40,9.5
25-29,Male,,,,,52,13.2,30,12.0,46,12.0,38,12.0,1:20,8.5
25-29,Male,,,,,51,13.1,29,11.7,45,11.3,37,11.3,1:00,7.5
25-29,Male,,,,,50,13.0,28,11.4,44,10.5,36,10.5,,
25-29,Male,,,,,49,12.9,27,11.1,43,9.8,35,9.8,,
25-29,Male,,,,,48,12.8,26,10.8,42,9.5,34,9.5,,
25-29,Male,,,,,47,12.6,25,10.5,41,9.0,33,9.0,,
25-29,Male,,,,,46,12.5,24,10.2,40,6.8,32,6.8,,
25-29,Male,,,,,45,12.2,23,9.9,39,4.5,31,4.5,,
25-29,Male,,,,,44,12.0,22,9.6,38,2.3,30,2.3,,
25-29,Male,,,,,43,11.7,21,9.3,29,6.6,,,,
25-29,Male,,,,,42,11.6,20,9.0,28,6.5,,,,
25-29,Male,,,,,41,11.3,19,8.7,27,6.3,,,,
25-29,Male,,,,,40,11.0,18,8.4,26,6.1,,,,
25-29,Male,,,,,39,10.8,17,8.1,25,5.9,,,,
25-29,Male,,,,,38,10.5,16,7.8,24,5.7,,,,
25-29,Male,,,,,37,10.2,15,7.5,23,5.6,,,,
25-29,Male,,,,,36,9.8,22,5.4,,,,,,
25-29,Male,,,,,35,9.5,21,5.2,,,,,,
25-29,Male,,,,,34,9.0,,,,,,,,
25-29,Male,,,,,33,8.7,,,,,,,,
25-29,Male,,,,,32,8.3,,,,,,,,
25-29,Male,,,,,31,8.0,,,,,,,,
25-29,Male,,,,,30,7.5,,,,,,,,
25-29,Male,,,,,29,5.3,,,,,,,,
25-29,Male,,,,,28,3.0,,,,,,,,
25-29,Male,,,,,27,0.8,,,,,,,,
30-34,Male,13:42,50.0,94,50.0,,,,,,,,,,
30-34,Male,14:23,49.4,88,49.4,,,,,,,,,,
30-34,Male,14:37,48.8,86,48.8,,,,,,,,,,
30-34,Male,14:49,48.1,83,48.1,,,,,,,,,,
30-34,Male,15:01,47.5,80,47.5,,,,,,,,,,
30-34,Male,15:23,46.9,77,46.9,,,,,,,,,,
30-34,Male,15:33,46.3,74,46.3,,,,,,,,,,
30-34,Male,15:43,45.6,71,45.6,,,,,,,,,,
30-34,Male,15:50,45.0,68,45.0,,,,,,,,,,
30-34,Male,16:12,43.9,65,43.9,,,,,,,,,,
30-34,Male,16:30,42.9,62,42.9,,,,,,,,,,
30-34,Male,16:49,41.8,59,41.8,,,,,,,,,,
30-34,Male,17:07,40.7,56,40.7,,,,,,,,,,
30-34,Male,17:26,39.6,54,39.6,,,,,,,,,,
30-34,Male,17:42,38.6,51,38.6,,,,,,,,,,
30-34,Male,17:58,37.5,48,37.5,,,,,,,,,,
30-34,Male,18:30,35.5,45,35.5,,,,,,,,,,
30-34,Male,19:06,34.0,42,34.0,,,,,,,,,,
30-34,Male,19:34,32.5,39,32.5,,,,,,,,,,
30-34,Male,20:06,31.0,36,31.0,,,,,,,,,,
30-34,Male,,,,,57,15.0,40,15.0,54,15.0,47,15.0,3:25,15.0
30-34,Male,,,,,56,14.9,39,14.7,53,14.8,46,14.7,3:20,14.8
30-34,Male,,,,,55,14.7,38,14.4,52,14.6,45,14.5,3:15,14.5
30-34,Male,,,,,54,14.6,37,14.1,51,14.3,44,14.2,3:09,14.2
30-34,Male,,,,,53,14.4,36,13.8,50,14.1,43,14.0,3:02,13.9
30-34,Male,,,,,52,14.3,35,13.5,49,13.8,42,13.7,2:55,13.5
30-34,Male,,,,,51,14.1,34,13.2,48,13.5,41,13.4,2:35,12.5
30-34,Male,,,,,50,14.0,33,12.9,47,13.2,40,13.1,2:15,11.5
30-34,Male,,,,,49,13.9,32,12.6,46,13.1,39,12.8,1:55,10.5
30-34,Male,,,,,48,13.8,31,12.3,45,12.8,38,12.6,1:35,9.5
30-34,Male,,,,,47,13.7,30,12.0,44,12.5,37,12.3,1:15,8.5
30-34,Male,,,,,46,13.5,29,11.7,43,12.0,36,12.1,,
30-34,Male,,,,,45,13.4,28,11.4,42,11.3,35,11.8,,
30-34,Male,,,,,44,13.2,27,11.1,41,10.5,34,11.6,,
30-34,Male,,,,,43,13.1,26,10.8,40,9.8,33,11.3,,
30-34,Male,,,,,42,12.9,25,10.5,39,9.0,32,11.0,,
30-34,Male,,,,,41,12.8,24,10.2,38,6.8,31,10.7,,
30-34,Male,,,,,40,12.5,23,9.9,37,4.5,30,10.4,,
30-34,Male,,,,,39,12.0,22,9.6,36,2.3,29,10.2,,
30-34,Male,,,,,38,11.7,21,9.3,28,9.9,,,,
30-34,Male,,,,,37,11.6,20,9.0,27,9.7,,,,
30-34,Male,,,,,36,11.3,19,8.7,26,9.4,,,,
30-34,Male,,,,,35,11.0,18,8.4,25,9.1,,,,
30-34,Male,,,,,34,10.5,17,8.1,24,8.9,,,,
30-34,Male,,,,,33,10.2,16,7.8,23,8.6,,,,
30-34,Male,,,,,32,10.1,15,7.5,22,8.3,,,,
30-34,Male,,,,,31,9.8,21,8.0,,,,,,
30-34,Male,,,,,30,9.0,20,7.8,,,,,,
30-34,Male,,,,,29,8.3,19,7.5,,,,,,
30-34,Male,,,,,28,8.0,,,,,,,,
30-34,Male,,,,,27,7.5,,,,,,,,
30-34,Male,,,,,26,5.3,,,,,,,,
30-34,Male,,,,,25,3.0,,,,,,,,
30-34,Male,,,,,24,0.8,,,,,,,,
35-39,Male,13:42,50.0,92,50.0,,,,,,,,,,
35-39,Male,14:32,49.4,87,49.4,,,,,,,,,,
35-39,Male,14:46,48.8,83,48.8,,,,,,,,,,
35-39,Male,14:59,48.1,80,48.1,,,,,,,,,,
35-39,Male,15:10,47.5,77,47.5,,,,,,,,,,
35-39,Male,15:32,46.9,74,46.9,,,,,,,,,,
35-39,Male,15:42,46.3,71,46.3,,,,,,,,,,
35-39,Male,15:52,45.6,68,45.6,,,,,,,,,,
35-39,Male,16:01,45.0,65,45.0,,,,,,,,,,
35-39,Male,16:29,43.9,62,43.9,,,,,,,,,,
35-39,Male,16:48,42.9,59,42.9,,,,,,,,,,
35-39,Male,17:06,41.8,56,41.8,,,,,,,,,,
35-39,Male,17:24,40.7,54,40.7,,,,,,,,,,
35-39,Male,17:41,39.6,51,39.6,,,,,,,,,,
35-39,Male,17:58,38.6,48,38.6,,,,,,,,,,
35-39,Male,18:14,37.5,45,37.5,,,,,,,,,,
35-39,Male,18:35,35.5,42,35.5,,,,,,,,,,
35-39,Male,19:04,34.0,39,34.0,,,,,,,,,,
35-39,Male,19:31,32.5,36,32.5,,,,,,,,,,
35-39,Male,20:12,31.0,33,31.0,,,,,,,,,,
35-39,Male,,,,,51,15.0,40,15.0,52,15.0,46,15.0,3:20,15.0
35-39,Male,,,,,50,14.6,39,14.7,51,14.8,45,14.7,3:15,14.8
35-39,Male,,,,,49,14.3,38,14.4,50,14.6,44,14.5,3:10,14.5
35-39,Male,,,,,48,14.1,37,14.1,49,14.3,43,14.2,3:04,14.2
35-39,Male,,,,,47,14.0,36,13.8,48,14.1,42,14.0,2:57,13.9
35-39,Male,,,,,46,13.9,35,13.5,47,13.8,41,13.7,2:50,13.5
35-39,Male,,,,,45,13.8,34,13.2,46,13.5,40,13.4,2:30,12.5
35-39,Male,,,,,44,13.7,33,12.9,45,13.2,39,13.1,2:10,11.5
35-39,Male,,,,,43,13.5,32,12.6,44,13.1,38,12.8,1:50,10.5
35-39,Male,,,,,42,13.4,31,12.3,43,12.8,37,12.6,1:30,9.5
35-39,Male,,,,,41,13.2,30,12.0,42,12.5,36,12.3,1:10,8.5
35-39,Male,,,,,40,13.1,29,11.7,41,12.0,35,12.1,,
35-39,Male,,,,,39,12.9,28,11.4,40,11.3,34,11.8,,
35-39,Male,,,,,38,12.8,27,11.1,39,10.5,33,11.6,,
35-39,Male,,,,,37,12.5,26,10.8,38,9.8,32,11.3,,
35-39,Male,,,,,36,12.0,25,10.5,37,9.0,31,11.0,,
35-39,Male,,,,,35,11.7,24,10.2,36,6.8,30,10.7,,
35-39,Male,,,,,34,11.6,23,9.9,35,4.5,29,10.4,,
35-39,Male,,,,,33,11.3,22,9.6,34,2.3,28,10.2,,
35-39,Male,,,,,32,11.0,21,9.3,27,9.9,,,,
35-39,Male,,,,,31,10.5,20,9.0,26,9.7,,,,
35-39,Male,,,,,30,10.2,19,8.7,25,9.4,,,,
35-39,Male,,,,,29,10.1,18,8.4,24,9.1,,,,
35-39,Male,,,,,28,9.8,17,8.1,23,8.9,,,,
35-39,Male,,,,,27,9.0,16,7.8,22,8.6,,,,
35-39,Male,,,,,26,8.3,15,7.5,21,8.3,,,,
35-39,Male,,,,,25,8.0,20,8.0,,,,,,
35-39,Male,,,,,24,7.5,19,7.8,,,,,,
35-39,Male,,,,,23,5.3,18,7.5,,,,,,
35-39,Male,,,,,22,3.0,,,,,,,,
35-39,Male,,,,,21,0.8,,,,,,,,
40-44,Male,14:05,50.0,88,50.0,,,,,,,,,,
40-44,Male,14:45,49.4,83,49.4,,,,,,,,,,
40-44,Male,14:59,48.8,80,48.8,,,,,,,,,,
40-44,Male,15:12,48.1,77,48.1,,,,,,,,,,
40-44,Male,15:24,47.5,74,47.5,,,,,,,,,,
40-44,Male,15:45,46.9,71,46.9,,,,,,,,,,
40-44,Male,15:55,46.3,68,46.3,,,,,,,,,,
40-44,Male,16:05,45.6,65,45.6,,,,,,,,,,
40-44,Male,16:15,45.0,62,45.0,,,,,,,,,,
40-44,Male,16:43,43.9,59,43.9,,,,,,,,,,
40-44,Male,17:01,42.9,56,42.9,,,,,,,,,,
40-44,Male,17:19,41.8,54,41.8,,,,,,,,,,
40-44,Male,17:37,40.7,51,40.7,,,,,,,,,,
40-44,Male,17:56,39.6,48,39.6,,,,,,,,,,
40-44,Male,18:15,38.6,45,38.6,,,,,,,,,,
40-44,Male,18:35,37.5,42,37.5,,,,,,,,,,
40-44,Male,18:55,35.5,39,35.5,,,,,,,,,,
40-44,Male,19:36,34.0,36,34.0,,,,,,,,,,
40-44,Male,20:10,32.5,33,32.5,,,,,,,,,,
40-44,Male,21:09,31.0,30,31.0,,,,,,,,,,
40-44,Male,,,,,44,15.0,38,15.0,50,15.0,44,15.0,3:15,15.0
40-44,Male,,,,,43,14.8,37,14.7,49,14.8,43,14.7,3:10,14.8
40-44,Male,,,,,42,14.6,36,14.4,48,14.6,42,14.5,3:05,14.5
40-44,Male,,,,,41,14.4,35,14.1,47,14.3,41,14.2,2:59,14.2
40-44,Male,,,,,40,14.3,34,13.8,46,14.1,40,14.0,2:52,13.9
40-44,Male,,,,,39,14.1,33,13.5,45,13.8,39,13.7,2:45,13.5
40-44,Male,,,,,38,13.8,32,13.2,44,13.7,38,13.4,2:25,12.5
40-44,Male,,,,,37,13.7,31,12.9,43,13.5,37,13.1,2:05,11.5
40-44,Male,,,,,36,13.5,30,12.6,42,13.2,36,12.8,2:05,11.5
40-44,Male,,,,,35,13.2,29,12.3,41,13.1,35,12.6,1:45,10.5
40-44,Male,,,,,34,12.8,28,12.0,40,12.8,34,12.3,1:25,9.5
40-44,Male,,,,,33,12.6,27,11.7,39,12.0,33,12.1,1:05,8.5
40-44,Male,,,,,32,12.5,26,11.4,38,11.7,32,11.8,,
40-44,Male,,,,,31,12.2,25,11.1,37,11.3,31,11.6,,
40-44,Male,,,,,30,12.0,24,10.8,36,10.5,30,11.3,,
40-44,Male,,,,,29,11.3,23,10.5,35,9.8,29,11.0,,
40-44,Male,,,,,28,11.0,22,10.2,34,9.0,28,10.7,,
40-44,Male,,,,,27,10.8,21,9.9,33,6.8,27,10.4,,
40-44,Male,,,,,26,10.5,20,9.6,32,4.5,26,10.2,,
40-44,Male,,,,,25,9.8,19,9.3,31,2.3,25,9.9,,
40-44,Male,,,,,24,9.0,18,9.0,24,9.7,,,,
40-44,Male,,,,,23,8.7,17,8.7,23,9.4,,,,
40-44,Male,,,,,22,8.3,16,8.4,22,9.1,,,,
40-44,Male,,,,,21,7.5,15,8.1,21,8.9,,,,
40-44,Male,,,,,20,5.3,14,7.8,20,8.6,,,,
40-44,Male,,,,,19,3.0,13,7.5,19,8.3,,,,
40-44,Male,,,,,18,0.8,18,8.0,,,,,,
40-44,Male,,,,,17,7.8,,,,,,,,
40-44,Male,,,,,16,7.5,,,,,,,,
45-49,Male,14:30,50.0,86,50.0,,,,,,,,,,
45-49,Male,15:08,49.4,80,49.4,,,,,,,,,,
45-49,Male,15:22,48.8,77,48.8,,,,,,,,,,
45-49,Male,15:35,48.1,74,48.1,,,,,,,,,,
45-49,Male,15:47,47.5,71,47.5,,,,,,,,,,
45-49,Male,16:09,46.9,68,46.9,,,,,,,,,,
45-49,Male,16:19,46.3,65,46.3,,,,,,,,,,
45-49,Male,16:29,45.6,62,45.6,,,,,,,,,,
45-49,Male,16:39,45.0,59,45.0,,,,,,,,,,
45-49,Male,17:07,43.9,56,43.9,,,,,,,,,,
45-49,Male,17:25,42.9,54,42.9,,,,,,,,,,
45-49,Male,17:44,41.8,51,41.8,,,,,,,,,,
45-49,Male,18:02,40.7,48,40.7,,,,,,,,,,
45-49,Male,18:21,39.6,45,39.6,,,,,,,,,,
45-49,Male,18:41,38.6,42,38.6,,,,,,,,,,
45-49,Male,19:00,37.5,39,37.5,,,,,,,,,,
45-49,Male,19:30,35.5,36,35.5,,,,,,,,,,
45-49,Male,20:02,34.0,33,34.0,,,,,,,,,,
45-49,Male,20:50,32.5,30,32.5,,,,,,,,,,
45-49,Male,21:37,31.0,27,31.0,,,,,,,,,,
45-49,Male,,,,,44,15.0,38,15.0,48,15.0,43,15.0,3:10,15.0
45-49,Male,,,,,43,14.9,37,14.7,47,14.8,42,14.8,3:05,14.8
45-49,Male,,,,,42,14.7,36,14.4,46,14.6,41,14.6,3:00,14.5
45-49,Male,,,,,41,14.6,35,14.1,45,14.4,40,14.3,2:54,14.2
45-49,Male,,,,,40,14.4,34,13.8,44,14.3,39,14.1,2:47,13.9
45-49,Male,,,,,39,14.3,33,13.5,43,14.1,38,13.8,2:40,13.5
45-49,Male,,,,,38,14.1,32,13.2,42,13.8,37,13.6,2:20,12.5
45-49,Male,,,,,37,13.8,31,12.9,41,13.5,36,13.4,2:00,11.5
45-49,Male,,,,,36,13.7,30,12.6,40,13.2,35,13.1,1:40,10.5
45-49,Male,,,,,35,13.5,29,12.3,39,13.1,34,12.9,1:20,9.5
45-49,Male,,,,,34,13.2,28,12.0,38,12.8,33,12.7,1:00,8.5
45-49,Male,,,,,33,12.8,27,11.7,37,12.5,32,12.5,,
45-49,Male,,,,,32,12.6,26,11.4,36,12.0,31,12.2,,
45-49,Male,,,,,31,12.5,25,11.1,35,11.7,30,11.9,,
45-49,Male,,,,,30,12.2,24,10.8,34,11.3,29,11.7,,
45-49,Male,,,,,29,12.0,23,10.5,33,10.5,28,11.5,,
45-49,Male,,,,,28,11.3,22,10.2,32,9.8,27,11.3,,
45-49,Male,,,,,27,11.0,21,9.9,31,9.0,26,11.0,,
45-49,Male,,,,,26,10.8,20,9.6,30,6.8,25,10.8,,
45-49,Male,,,,,25,10.5,19,9.3,29,4.5,24,10.6,,
45-49,Male,,,,,24,9.8,18,9.0,28,2.3,23,10.4,,
45-49,Male,,,,,23,9.5,17,8.7,22,10.1,,,,
45-49,Male,,,,,22,9.0,16,8.4,21,9.8,,,,
45-49,Male,,,,,21,8.7,15,8.1,20,9.6,,,,
45-49,Male,,,,,20,8.3,14,7.8,19,9.4,,,,
45-49,Male,,,,,19,8.0,13,7.5,18,9.2,,,,
45-49,Male,,,,,18,7.5,17,8.9,,,,,,
45-49,Male,,,,,17,5.3,16,8.7,,,,,,
45-49,Male,,,,,16,3.0,15,8.5,,,,,,
45-49,Male,,,,,15,0.8,14,8.2,,,,,,
45-49,Male,,,,,13,8.0,,,,,,,,
45-49,Male,,,,,12,7.7,,,,,,,,
45-49,Male,,,,,11,7.5,,,,,,,,
50-54,Male,15:09,50.0,80,50.0,,,,,,,,,,
50-54,Male,15:54,49.4,74,49.4,,,,,,,,,,
50-54,Male,16:08,48.8,71,48.8,,,,,,,,,,
50-54,Male,16:21,48.1,68,48.1,,,,,,,,,,
50-54,Male,16:33,47.5,65,47.5,,,,,,,,,,
50-54,Male,16:55,46.9,62,46.9,,,,,,,,,,
50-54,Male,17:06,46.3,59,46.3,,,,,,,,,,
50-54,Male,17:16,45.6,56,45.6,,,,,,,,,,
50-54,Male,17:26,45.0,54,45.0,,,,,,,,,,
50-54,Male,17:54,43.9,51,43.9,,,,,,,,,,
50-54,Male,18:13,42.9,48,42.9,,,,,,,,,,
50-54,Male,18:32,41.8,45,41.8,,,,,,,,,,
50-54,Male,18:51,40.7,42,40.7,,,,,,,,,,
50-54,Male,19:10,39.6,39,39.6,,,,,,,,,,
50-54,Male,19:30,38.6,36,38.6,,,,,,,,,,
50-54,Male,19:49,37.5,33,37.5,,,,,,,,,,
50-54,Male,20:20,35.5,30,35.5,,,,,,,,,,
50-54,Male,21:03,34.0,27,34.0,,,,,,,,,,
50-54,Male,21:40,32.5,24,32.5,,,,,,,,,,
50-54,Male,22:28,31.0,22,31.0,,,,,,,,,,
50-54,Male,,,,,36,15.0,35,15.0,46,15.0,42,15.0,3:05,15.0
50-54,Male,,,,,35,14.8,34,14.7,45,14.8,41,14.8,3:00,14.8
50-54,Male,,,,,34,14.6,33,14.4,44,14.6,40,14.6,2:55,14.5
50-54,Male,,,,,33,14.3,32,14.1,43,14.3,39,14.3,2:49,14.2
50-54,Male,,,,,32,14.1,31,13.7,42,14.1,38,14.1,2:42,13.9
50-54,Male,,,,,31,13.8,30,13.4,41,13.8,37,13.9,2:35,13.5
50-54,Male,,,,,30,13.7,29,13.1,40,13.7,36,13.7,2:15,12.5
50-54,Male,,,,,29,13.5,28,12.8,39,13.5,35,13.4,1:55,11.5
50-54,Male,,,,,28,13.2,27,12.5,38,13.2,34,13.2,1:35,10.5
50-54,Male,,,,,27,13.1,26,12.2,37,13.1,33,13.0,1:15,9.5
50-54,Male,,,,,26,12.8,25,11.9,36,12.8,32,12.8,,
50-54,Male,,,,,25,12.5,24,11.6,35,12.0,31,12.5,,
50-54,Male,,,,,24,12.0,23,11.3,34,11.7,30,12.3,,
50-54,Male,,,,,23,11.3,22,11.0,33,11.3,29,12.1,,
50-54,Male,,,,,22,10.5,21,10.7,32,11.0,28,11.9,,
50-54,Male,,,,,21,9.8,20,10.4,31,10.5,27,11.6,,
50-54,Male,,,,,20,9.5,19,10.0,30,9.8,26,11.4,,
50-54,Male,,,,,19,9.0,18,9.7,29,9.5,25,11.1,,
50-54,Male,,,,,18,8.7,17,9.4,28,9.0,24,10.9,,
50-54,Male,,,,,17,8.3,16,9.1,27,6.8,23,10.7,,
50-54,Male,,,,,16,8.0,15,8.8,26,4.5,22,10.4,,
50-54,Male,,,,,15,7.5,14,8.5,25,2.3,21,10.2,,
50-54,Male,,,,,14,5.3,13,8.1,20,10.0,,,,
50-54,Male,,,,,13,3.0,12,7.8,19,9.8,,,,
50-54,Male,,,,,12,0.8,11,7.5,18,9.5,,,,
50-54,Male,,,,,17,9.3,,,,,,,,
50-54,Male,,,,,16,9.1,,,,,,,,
50-54,Male,,,,,15,8.9,,,,,,,,
50-54,Male,,,,,14,8.6,,,,,,,,
50-54,Male,,,,,13,8.4,,,,,,,,
50-54,Male,,,,,12,8.2,,,,,,,,
50-54,Male,,,,,11,8.0,,,,,,,,
50-54,Male,,,,,10,7.7,,,,,,,,
50-54,Male,,,,,9,7.5,,,,,,,,
55-59,Male,15:28,50.0,77,50.0,,,,,,,,,,
55-59,Male,16:22,49.4,71,49.4,,,,,,,,,,
55-59,Male,16:44,48.8,68,48.8,,,,,,,,,,
55-59,Male,16:58,48.1,65,48.1,,,,,,,,,,
55-59,Male,17:14,47.5,62,47.5,,,,,,,,,,
55-59,Male,17:45,46.9,59,46.9,,,,,,,,,,
55-59,Male,17:57,46.3,56,46.3,,,,,,,,,,
55-59,Male,18:07,45.6,54,45.6,,,,,,,,,,
55-59,Male,18:17,45.0,51,45.0,,,,,,,,,,
55-59,Male,18:45,43.9,48,43.9,,,,,,,,,,
55-59,Male,19:00,42.9,45,42.9,,,,,,,,,,
55-59,Male,19:17,41.8,42,41.8,,,,,,,,,,
55-59,Male,19:36,40.7,39,40.7,,,,,,,,,,
55-59,Male,19:51,39.6,36,39.6,,,,,,,,,,
55-59,Male,20:07,38.6,33,38.6,,,,,,,,,,
55-59,Male,20:22,37.5,30,37.5,,,,,,,,,,
55-59,Male,20:54,35.5,27,35.5,,,,,,,,,,
55-59,Male,21:19,34.0,24,34.0,,,,,,,,,,
55-59,Male,22:03,32.5,22,32.5,,,,,,,,,,
55-59,Male,22:58,31.0,19,31.0,,,,,,,,,,
55-59,Male,,,,,33,15.0,33,15.0,44,15.0,41,15.0,3:00,15.0
55-59,Male,,,,,32,14.9,32,14.7,43,14.8,40,14.8,2:55,14.8
55-59,Male,,,,,31,14.6,31,14.3,42,14.6,39,14.6,2:50,14.5
55-59,Male,,,,,30,14.3,30,14.0,41,14.3,38,14.3,2:44,14.2
55-59,Male,,,,,29,13.8,29,13.7,40,14.1,37,14.1,2:37,13.9
55-59,Male,,,,,28,13.5,28,13.4,39,13.8,36,13.9,2:30,13.5
55-59,Male,,,,,27,13.4,27,13.1,38,13.7,35,13.7,2:10,12.5
55-59,Male,,,,,26,13.1,26,12.8,37,13.5,34,13.4,1:50,11.5
55-59,Male,,,,,25,12.8,25,12.4,36,13.2,33,13.2,1:30,10.5
55-59,Male,,,,,24,12.6,24,12.1,35,13.1,32,13.0,1:10,9.5
55-59,Male,,,,,23,11.9,23,11.8,34,12.8,31,12.8,,
55-59,Male,,,,,22,11.1,22,11.4,33,12.0,30,12.5,,
55-59,Male,,,,,21,10.5,21,11.1,32,11.7,29,12.3,,
55-59,Male,,,,,20,9.8,20,10.7,31,11.3,28,12.1,,
55-59,Male,,,,,19,9.3,19,10.4,30,11.0,27,11.9,,
55-59,Male,,,,,18,8.9,18,10.1,29,10.5,26,11.6,,
55-59,Male,,,,,17,8.6,17,9.8,28,10.2,25,11.4,,
55-59,Male,,,,,16,8.1,16,9.5,27,9.8,24,11.1,,
55-59,Male,,,,,15,7.5,15,9.2,26,9.5,23,10.9,,
55-59,Male,,,,,14,5.3,14,8.8,25,9.0,22,10.7,,
55-59,Male,,,,,13,3.0,13,8.5,24,6.8,21,10.4,,
55-59,Male,,,,,12,0.8,12,8.2,23,4.5,20,10.2,,
55-59,Male,,,,,11,7.8,22,2.3,19,10.0,,,,
55-59,Male,,,,,10,7.5,18,9.8,,,,,,
55-59,Male,,,,,17,9.5,,,,,,,,
55-59,Male,,,,,16,9.3,,,,,,,,
55-59,Male,,,,,15,9.1,,,,,,,,
55-59,Male,,,,,14,8.9,,,,,,,,
55-59,Male,,,,,13,8.6,,,,,,,,
55-59,Male,,,,,12,8.4,,,,,,,,
55-59,Male,,,,,11,8.2,,,,,,,,
55-59,Male,,,,,10,8.0,,,,,,,,
55-59,Male,,,,,9,7.7,,,,,,,,
55-59,Male,,,,,8,7.5,,,,,,,,
55-59,Male,15:28,50.0,71,50.0,,,,,,,,,,
55-59,Male,16:22,49.4,65,49.4,,,,,,,,,,
55-59,Male,16:44,48.8,62,48.8,,,,,,,,,,
55-59,Male,16:58,48.1,59,48.1,,,,,,,,,,
55-59,Male,17:14,47.5,56,47.5,,,,,,,,,,
55-59,Male,17:45,46.9,54,46.9,,,,,,,,,,
55-59,Male,17:57,46.3,51,46.3,,,,,,,,,,
55-59,Male,18:07,45.6,48,45.6,,,,,,,,,,
55-59,Male,18:17,45.0,45,45.0,,,,,,,,,,
55-59,Male,18:45,43.9,42,43.9,,,,,,,,,,
55-59,Male,19:00,42.9,39,42.9,,,,,,,,,,
55-59,Male,19:17,41.8,36,41.8,,,,,,,,,,
55-59,Male,19:36,40.7,33,40.7,,,,,,,,,,
55-59,Male,19:51,39.6,30,39.6,,,,,,,,,,
55-59,Male,20:07,38.6,27,38.6,,,,,,,,,,
55-59,Male,20:22,37.5,24,37.5,,,,,,,,,,
55-59,Male,20:54,35.5,22,35.5,,,,,,,,,,
55-59,Male,21:19,34.0,20,34.0,,,,,,,,,,
55-59,Male,22:03,32.5,19,32.5,,,,,,,,,,
55-59,Male,22:58,31.0,17,31.0,,,,,,,,,,
55-59,Male,,,,,30,15.0,30,15.0,42,15.0,35,15.0,2:55,15.0
55-59,Male,,,,,29,14.6,29,14.6,41,14.8,34,14.7,2:50,14.8
55-59,Male,,,,,28,14.3,28,14.3,40,14.6,33,14.5,2:45,14.5
55-59,Male,,,,,27,14.0,27,13.9,39,14.3,32,14.2,2:39,14.2
55-59,Male,,,,,26,13.5,26,13.5,38,14.1,31,14.0,2:32,13.9
55-59,Male,,,,,25,13.2,25,13.1,37,13.8,30,13.7,2:25,13.5
55-59,Male,,,,,24,12.8,24,12.8,36,13.7,29,13.4,2:05,12.5
55-59,Male,,,,,23,12.0,23,12.4,35,13.5,28,13.1,1:55,12.0
55-59,Male,,,,,22,11.3,22,12.0,34,13.4,27,12.8,1:25,10.5
55-59,Male,,,,,21,10.5,21,11.6,33,13.2,26,12.6,1:05,9.5
55-59,Male,,,,,20,9.8,20,11.3,32,12.9,25,12.3,,
55-59,Male,,,,,19,9.5,19,10.9,31,12.8,24,12.1,,
55-59,Male,,,,,18,9.0,18,10.5,30,12.0,23,11.8,,
55-59,Male,,,,,17,8.7,17,10.1,29,11.7,22,11.6,,
55-59,Male,,,,,16,8.3,16,9.8,28,11.3,21,11.3,,
55-59,Male,,,,,15,8.0,15,9.4,27,11.0,20,11.0,,
55-59,Male,,,,,14,7.5,14,9.0,26,10.5,19,10.7,,
55-59,Male,,,,,13,5.3,13,8.6,25,10.2,18,10.4,,
55-59,Male,,,,,12,3.0,12,8.3,24,9.8,17,10.2,,
55-59,Male,,,,,11,0.8,11,7.9,23,9.5,16,9.9,,
55-59,Male,,,,,10,7.5,15,9.7,,,,,,
55-59,Male,,,,,21,6.8,14,9.4,,,,,,
55-59,Male,,,,,20,4.5,13,9.1,,,,,,
55-59,Male,,,,,19,2.3,12,8.9,,,,,,
55-59,Male,,,,,11,8.6,,,,,,,,
55-59,Male,,,,,10,8.3,,,,,,,,
55-59,Male,,,,,9,8.0,,,,,,,,
55-59,Male,,,,,8,7.8,,,,,,,,
55-59,Male,,,,,7,7.5,,,,,,,,
<25,Male,15:30,50.0,83,50.0,,,,,,,,,,
<25,Male,15:55,49.4,77,49.4,,,,,,,,,,
<25,Male,16:00,48.8,74,48.8,,,,,,,,,,
<25,Male,16:04,48.1,71,48.1,,,,,,,,,,
<25,Male,16:27,47.5,68,47.5,,,,,,,,,,
<25,Male,17:03,46.9,65,46.9,,,,,,,,,,
<25,Male,17:17,46.3,62,46.3,,,,,,,,,,
<25,Male,17:31,45.6,59,45.6,,,,,,,,,,
<25,Male,17:44,45.0,56,45.0,,,,,,,,,,
<25,Male,18:18,43.9,54,43.9,,,,,,,,,,
<25,Male,18:38,42.9,51,42.9,,,,,,,,,,
<25,Male,18:58,41.8,48,41.8,,,,,,,,,,
<25,Male,19:16,40.7,45,40.7,,,,,,,,,,
<25,Male,19:34,39.6,42,39.6,,,,,,,,,,
<25,Male,19:52,38.6,39,38.6,,,,,,,,,,
<25,Male,20:12,37.5,36,37.5,,,,,,,,,,
<25,Male,20:57,35.5,33,35.5,,,,,,,,,,
<25,Male,21:40,34.0,30,34.0,,,,,,,,,,
<25,Male,22:07,32.5,28,32.5,,,,,,,,,,
<25,Male,22:37,31.0,26,31.0,,,,,,,,,,
<25,Male,,,,,47,15.0,31,15.0,54,15.0,47,15.0,3:30,15.0
<25,Male,,,,,46,14.9,30,14.7,53,14.8,46,14.8,3:25,14.3
<25,Male,,,,,45,14.7,29,14.4,52,14.6,45,14.6,3:18,14.0
<25,Male,,,,,44,14.6,28,14.1,51,14.3,44,14.4,3:12,13.9
<25,Male,,,,,43,14.4,27,13.8,50,14.1,43,14.2,3:05,13.7
<25,Male,,,,,42,14.3,26,13.5,49,13.5,42,14.0,2:45,11.9
<25,Male,,,,,41,14.1,25,13.2,48,13.4,41,13.7,2:25,11.4
<25,Male,,,,,40,14.0,24,12.9,47,13.2,40,13.6,2:05,10.8
<25,Male,,,,,39,13.8,23,12.6,46,12.9,39,13.4,1:45,9.1
<25,Male,,,,,38,13.7,22,12.3,45,12.8,38,13.1,1:25,8.5
<25,Male,,,,,37,13.5,21,12.0,44,12.0,37,12.9,1:05,7.9
<25,Male,,,,,36,13.4,20,11.7,43,11.7,36,12.7,1:00,7.7
<25,Male,,,,,35,13.2,19,11.4,42,11.3,35,12.5,,
<25,Male,,,,,34,12.9,18,11.1,41,10.5,34,12.3,,
<25,Male,,,,,33,12.8,17,10.8,40,10.2,33,12.1,,
<25,Male,,,,,32,12.6,16,10.5,39,9.8,32,11.9,,
<25,Male,,,,,31,12.5,15,10.2,38,9.0,31,11.7,,
<25,Male,,,,,30,12.3,14,9.9,37,6.8,30,11.5,,
<25,Male,,,,,29,12.2,13,9.6,36,4.5,29,11.3,,
<25,Male,,,,,28,12.0,12,9.3,35,2.3,28,11.0,,
<25,Male,,,,,27,11.3,11,9.0,27,10.8,,,,
<25,Male,,,,,26,11.0,10,8.7,26,10.7,,,,
<25,Male,,,,,25,10.8,9,8.4,25,10.4,,,,
<25,Male,,,,,24,10.5,8,8.1,24,10.2,,,,
<25,Male,,,,,23,9.8,7,7.8,23,10.0,,,,
<25,Male,,,,,22,9.5,6,7.5,22,9.8,,,,
<25,Male,,,,,21,9.0,21,9.6,,,,,,
<25,Male,,,,,20,8.7,20,9.4,,,,,,
<25,Male,,,,,19,8.3,19,9.2,,,,,,
<25,Male,,,,,18,7.5,18,8.9,,,,,,
<25,Male,,,,,17,5.3,17,8.8,,,,,,
<25,Male,,,,,16,3.0,16,8.6,,,,,,
<25,Male,,,,,15,0.8,15,8.3,,,,,,
<25,Male,,,,,14,8.1,,,,,,,,
<25,Male,,,,,13,8.0,,,,,,,,
<25,Male,,,,,12,7.7,,,,,,,,
<25,Male,,,,,11,7.5,,,,,,,,
25-29,Male,15:30,50.0,80,50.0,,,,,,,,,,
25-29,Male,15:55,49.4,74,49.4,,,,,,,,,,
25-29,Male,16:00,48.8,71,48.8,,,,,,,,,,
25-29,Male,16:04,48.1,68,48.1,,,,,,,,,,
25-29,Male,16:27,47.5,65,47.5,,,,,,,,,,
25-29,Male,17:03,46.9,62,46.9,,,,,,,,,,
25-29,Male,17:17,46.3,59,46.3,,,,,,,,,,
25-29,Male,17:31,45.6,56,45.6,,,,,,,,,,
25-29,Male,17:44,45.0,54,45.0,,,,,,,,,,
25-29,Male,18:40,43.9,51,43.9,,,,,,,,,,
25-29,Male,18:59,42.9,48,42.9,,,,,,,,,,
25-29,Male,19:18,41.8,45,41.8,,,,,,,,,,
25-29,Male,19:36,40.7,42,40.7,,,,,,,,,,
25-29,Male,19:53,39.6,39,39.6,,,,,,,,,,
25-29,Male,20:10,38.6,36,38.6,,,,,,,,,,
25-29,Male,20:26,37.5,33,37.5,,,,,,,,,,
25-29,Male,20:58,35.5,30,35.5,,,,,,,,,,
25-29,Male,21:23,34.0,27,34.0,,,,,,,,,,
25-29,Male,21:49,32.5,26,32.5,,,,,,,,,,
25-29,Male,22:19,31.0,24,31.0,,,,,,,,,,
25-29,Male,,,,,47,15.0,31,15.0,50,15.0,45,15.0,3:25,15.0
25-29,Male,,,,,46,14.9,30,14.7,49,14.6,44,14.8,3:20,14.9
25-29,Male,,,,,45,14.7,29,14.4,48,14.3,43,14.6,3:14,14.7
25-29,Male,,,,,44,14.6,28,14.1,47,14.1,42,14.4,3:07,14.5
25-29,Male,,,,,43,14.4,27,13.8,46,13.5,41,14.2,3:00,14.3
25-29,Male,,,,,42,14.3,26,13.5,45,13.4,40,14.0,2:40,12.7
25-29,Male,,,,,41,14.1,25,13.2,44,12.9,39,13.7,2:20,12.2
25-29,Male,,,,,40,14.0,24,12.9,43,12.8,38,13.6,2:00,11.6
25-29,Male,,,,,39,13.8,23,12.6,42,12.0,37,13.4,1:40,10.0
25-29,Male,,,,,38,13.7,22,12.3,41,11.7,36,13.1,1:20,9.4
25-29,Male,,,,,37,13.5,21,12.0,40,11.3,35,12.9,1:00,8.9
25-29,Male,,,,,36,13.4,20,11.7,39,11.0,34,12.7,,
25-29,Male,,,,,35,13.2,19,11.4,38,10.5,33,12.5,,
25-29,Male,,,,,34,12.9,18,11.1,37,10.2,32,12.3,,
25-29,Male,,,,,33,12.8,17,10.8,36,9.8,31,12.1,,
25-29,Male,,,,,32,12.6,16,10.5,35,9.5,30,11.9,,
25-29,Male,,,,,31,12.5,15,10.2,34,9.0,29,11.7,,
25-29,Male,,,,,30,12.3,14,9.9,33,6.8,28,11.5,,
25-29,Male,,,,,29,12.2,13,9.6,32,4.5,27,11.3,,
25-29,Male,,,,,28,12.0,12,9.3,31,2.3,26,11.0,,
25-29,Male,,,,,27,11.3,11,9.0,25,10.8,,,,
25-29,Male,,,,,26,11.0,10,8.7,24,10.7,,,,
25-29,Male,,,,,25,10.8,9,8.4,23,10.4,,,,
25-29,Male,,,,,24,10.5,8,8.1,22,10.2,,,,
25-29,Male,,,,,23,9.8,7,7.8,21,10.0,,,,
25-29,Male,,,,,22,9.5,6,7.5,20,9.8,,,,
25-29,Male,,,,,21,9.0,19,9.6,,,,,,
25-29,Male,,,,,20,8.7,18,9.4,,,,,,
25-29,Male,,,,,19,8.3,17,9.2,,,,,,
25-29,Male,,,,,18,8.0,16,8.9,,,,,,
25-29,Male,,,,,17,7.5,15,8.8,,,,,,
25-29,Male,,,,,16,5.3,14,8.6,,,,,,
25-29,Male,,,,,15,3.0,13,8.3,,,,,,
25-29,Male,,,,,14,0.8,12,8.1,,,,,,
25-29,Male,,,,,11,8.0,,,,,,,,
25-29,Male,,,,,10,7.7,,,,,,,,
25-29,Male,,,,,9,7.5,,,,,,,,
30-34,Male,15:48,50.0,77,50.0,,,,,,,,,,
30-34,Male,16:36,49.4,71,49.4,,,,,,,,,,
30-34,Male,16:54,48.8,68,48.8,,,,,,,,,,
30-34,Male,17:09,48.1,65,48.1,,,,,,,,,,
30-34,Male,17:23,47.5,62,47.5,,,,,,,,,,
30-34,Male,17:48,46.9,59,46.9,,,,,,,,,,
30-34,Male,17:59,46.3,56,46.3,,,,,,,,,,
30-34,Male,18:10,45.6,54,45.6,,,,,,,,,,
30-34,Male,18:21,45.0,51,45.0,,,,,,,,,,
30-34,Male,18:50,43.9,48,43.9,,,,,,,,,,
30-34,Male,19:09,42.9,45,42.9,,,,,,,,,,
30-34,Male,19:27,41.8,42,41.8,,,,,,,,,,
30-34,Male,19:45,40.7,39,40.7,,,,,,,,,,
30-34,Male,20:01,39.6,36,39.6,,,,,,,,,,
30-34,Male,20:17,38.6,33,38.6,,,,,,,,,,
30-34,Male,20:33,37.5,30,37.5,,,,,,,,,,
30-34,Male,21:05,35.5,27,35.5,,,,,,,,,,
30-34,Male,21:29,34.0,25,34.0,,,,,,,,,,
30-34,Male,21:55,32.5,23,32.5,,,,,,,,,,
30-34,Male,22:24,31.0,21,31.0,,,,,,,,,,
30-34,Male,,,,,46,15.0,31,15.0,45,15.0,44,15.0,3:20,15.0
30-34,Male,,,,,45,14.9,30,14.7,44,14.8,43,14.8,3:15,14.8
30-34,Male,,,,,44,14.8,29,14.4,43,14.6,42,14.6,3:09,14.5
30-34,Male,,,,,43,14.7,28,14.1,42,14.3,41,14.3,3:02,14.1
30-34,Male,,,,,42,14.6,27,13.8,41,14.1,40,14.2,2:55,13.8
30-34,Male,,,,,41,14.4,26,13.5,40,13.5,39,14.0,2:35,12.8
30-34,Male,,,,,40,14.3,25,13.2,39,13.2,38,13.7,2:15,11.9
30-34,Male,,,,,39,14.1,24,12.9,38,12.8,37,13.5,1:55,10.9
30-34,Male,,,,,38,14.0,23,12.6,37,12.5,36,13.3,1:35,9.9
30-34,Male,,,,,37,13.9,22,12.3,36,12.3,35,13.1,1:15,8.9
30-34,Male,,,,,36,13.8,21,12.0,35,12.0,34,12.8,,
30-34,Male,,,,,35,13.7,20,11.7,34,11.7,33,12.7,,
30-34,Male,,,,,34,13.6,19,11.4,33,11.3,32,12.5,,
30-34,Male,,,,,33,13.5,18,11.1,32,10.5,31,12.2,,
30-34,Male,,,,,32,13.4,17,10.8,31,10.2,30,12.0,,
30-34,Male,,,,,31,13.3,16,10.5,30,9.8,29,11.8,,
30-34,Male,,,,,30,13.2,15,10.2,29,9.0,28,11.6,,
30-34,Male,,,,,29,13.1,14,9.9,28,6.8,27,11.3,,
30-34,Male,,,,,28,13.0,13,9.6,27,4.5,26,11.2,,
30-34,Male,,,,,27,12.9,12,9.3,26,2.3,25,11.0,,
30-34,Male,,,,,26,12.8,11,9.0,24,10.7,,,,
30-34,Male,,,,,25,12.5,10,8.7,23,10.5,,,,
30-34,Male,,,,,24,12.3,9,8.4,22,10.3,,,,
30-34,Male,,,,,23,12.0,8,8.1,21,10.1,,,,
30-34,Male,,,,,22,11.9,7,7.8,20,9.8,,,,
30-34,Male,,,,,21,11.7,6,7.5,19,9.7,,,,
30-34,Male,,,,,20,11.4,18,9.5,,,,,,
30-34,Male,,,,,19,11.3,17,9.2,,,,,,
30-34,Male,,,,,18,10.5,16,9.0,,,,,,
30-34,Male,,,,,17,10.2,15,8.8,,,,,,
30-34,Male,,,,,16,9.8,14,8.6,,,,,,
30-34,Male,,,,,15,9.0,13,8.3,,,,,,
30-34,Male,,,,,14,7.5,12,8.2,,,,,,
30-34,Male,,,,,13,5.3,11,8.0,,,,,,
30-34,Male,,,,,12,3.0,10,7.7,,,,,,
30-34,Male,,,,,11,0.8,9,7.5,,,,,,
35-39,Male,15:51,50.0,74,50.0,,,,,,,,,,
35-39,Male,16:42,49.4,68,49.4,,,,,,,,,,
35-39,Male,16:59,48.8,65,48.8,,,,,,,,,,
35-39,Male,17:14,48.1,62,48.1,,,,,,,,,,
35-39,Male,17:28,47.5,59,47.5,,,,,,,,,,
35-39,Male,17:53,46.9,56,46.9,,,,,,,,,,
35-39,Male,18:04,46.3,54,46.3,,,,,,,,,,
35-39,Male,18:15,45.6,51,45.6,,,,,,,,,,
35-39,Male,18:25,45.0,48,45.0,,,,,,,,,,
35-39,Male,18:54,43.9,45,43.9,,,,,,,,,,
35-39,Male,19:13,42.9,42,42.9,,,,,,,,,,
35-39,Male,19:31,41.8,39,41.8,,,,,,,,,,
35-39,Male,19:49,40.7,36,40.7,,,,,,,,,,
35-39,Male,20:05,39.6,33,39.6,,,,,,,,,,
35-39,Male,20:21,38.6,30,38.6,,,,,,,,,,
35-39,Male,20:37,37.5,27,37.5,,,,,,,,,,
35-39,Male,21:08,35.5,24,35.5,,,,,,,,,,
35-39,Male,21:32,34.0,22,34.0,,,,,,,,,,
35-39,Male,21:58,32.5,20,32.5,,,,,,,,,,
35-39,Male,22:27,31.0,18,31.0,,,,,,,,,,
35-39,Male,,,,,42,15.0,31,15.0,43,15.0,43,15.0,3:15,15.0
35-39,Male,,,,,41,14.8,30,14.7,42,14.8,42,14.8,3:10,14.8
35-39,Male,,,,,40,14.6,29,14.4,41,14.6,41,14.6,3:04,14.5
35-39,Male,,,,,39,14.3,28,14.1,40,14.3,40,14.4,2:57,14.1
35-39,Male,,,,,38,14.1,27,13.8,39,14.1,39,14.2,2:50,13.8
35-39,Male,,,,,37,14.0,26,13.5,38,13.5,38,14.0,2:30,12.8
35-39,Male,,,,,36,13.9,25,13.2,37,13.2,37,13.7,2:10,11.9
35-39,Male,,,,,35,13.8,24,12.9,36,12.8,36,13.6,1:50,10.9
35-39,Male,,,,,34,13.7,23,12.6,35,12.5,35,13.4,1:30,9.9
35-39,Male,,,,,33,13.6,22,12.3,34,12.3,34,13.1,1:10,8.9
35-39,Male,,,,,32,13.5,21,12.0,33,12.0,33,12.9,,
35-39,Male,,,,,31,13.4,20,11.7,32,11.7,32,12.7,,
35-39,Male,,,,,30,13.3,19,11.4,31,11.3,31,12.5,,
35-39,Male,,,,,29,13.2,18,11.1,30,10.5,30,12.3,,
35-39,Male,,,,,28,13.1,17,10.8,29,10.2,29,12.1,,
35-39,Male,,,,,27,13.0,16,10.5,28,9.8,28,11.9,,
35-39,Male,,,,,26,12.9,15,10.2,27,9.0,27,11.7,,
35-39,Male,,,,,25,12.8,14,9.9,26,6.8,26,11.5,,
35-39,Male,,,,,24,12.5,13,9.6,25,4.5,25,11.3,,
35-39,Male,,,,,23,12.3,12,9.3,24,2.3,24,11.0,,
35-39,Male,,,,,22,12.0,11,9.0,23,10.8,,,,
35-39,Male,,,,,21,11.9,10,8.7,22,10.7,,,,
35-39,Male,,,,,20,11.7,9,8.4,21,10.4,,,,
35-39,Male,,,,,19,11.4,8,8.1,20,10.2,,,,
35-39,Male,,,,,18,11.3,7,7.8,19,10.0,,,,
35-39,Male,,,,,17,10.5,6,7.5,18,9.8,,,,
35-39,Male,,,,,16,10.2,17,9.6,,,,,,
35-39,Male,,,,,15,9.8,16,9.4,,,,,,
35-39,Male,,,,,14,9.0,15,9.2,,,,,,
35-39,Male,,,,,13,7.5,14,8.9,,,,,,
35-39,Male,,,,,12,5.3,13,8.8,,,,,,
35-39,Male,,,,,11,3.0,12,8.6,,,,,,
35-39,Male,,,,,10,0.8,11,8.3,,,,,,
35-39,Male,,,,,10,8.1,,,,,,,,
35-39,Male,,,,,9,8.0,,,,,,,,
35-39,Male,,,,,8,7.7,,,,,,,,
35-39,Male,,,,,7,7.5,,,,,,,,
40-44,Male,16:00,50.0,71,50.0,,,,,,,,,,
40-44,Male,16:52,49.4,65,49.4,,,,,,,,,,
40-44,Male,17:10,48.8,62,48.8,,,,,,,,,,
40-44,Male,17:25,48.1,59,48.1,,,,,,,,,,
40-44,Male,17:39,47.5,56,47.5,,,,,,,,,,
40-44,Male,18:04,46.9,54,46.9,,,,,,,,,,
40-44,Male,18:16,46.3,51,46.3,,,,,,,,,,
40-44,Male,18:26,45.6,48,45.6,,,,,,,,,,
40-44,Male,18:37,45.0,45,45.0,,,,,,,,,,
40-44,Male,19:07,43.9,42,43.9,,,,,,,,,,
40-44,Male,19:25,42.9,39,42.9,,,,,,,,,,
40-44,Male,19:44,41.8,36,41.8,,,,,,,,,,
40-44,Male,20:01,40.7,33,40.7,,,,,,,,,,
40-44,Male,20:18,39.6,30,39.6,,,,,,,,,,
40-44,Male,20:34,38.6,27,38.6,,,,,,,,,,
40-44,Male,20:50,37.5,24,37.5,,,,,,,,,,
40-44,Male,21:22,35.5,22,35.5,,,,,,,,,,
40-44,Male,21:46,34.0,19,34.0,,,,,,,,,,
40-44,Male,22:12,32.5,17,32.5,,,,,,,,,,
40-44,Male,22:42,31.0,15,31.0,,,,,,,,,,
40-44,Male,,,,,38,15.0,28,15.0,41,15.0,42,15.0,3:10,15.0
40-44,Male,,,,,37,14.9,27,14.7,40,14.8,41,14.8,3:05,14.8
40-44,Male,,,,,36,14.7,26,14.4,39,14.6,40,14.6,2:59,14.5
40-44,Male,,,,,35,14.6,25,14.1,38,14.3,39,14.4,2:52,14.1
40-44,Male,,,,,34,14.4,24,13.8,37,14.1,38,14.2,2:45,13.8
40-44,Male,,,,,33,14.3,23,13.5,36,13.8,37,14.0,2:25,12.8
40-44,Male,,,,,32,14.1,22,13.2,35,13.7,36,13.7,2:05,11.9
40-44,Male,,,,,31,13.8,21,12.9,34,13.5,35,13.6,1:45,10.9
40-44,Male,,,,,30,13.7,20,12.6,33,13.2,34,13.4,1:25,9.9
40-44,Male,,,,,29,13.5,19,12.3,32,12.8,33,13.1,1:05,8.9
40-44,Male,,,,,28,13.4,18,12.0,31,12.5,32,12.9,,
40-44,Male,,,,,27,13.2,17,11.7,30,12.3,31,12.7,,
40-44,Male,,,,,26,13.1,16,11.4,29,12.0,30,12.5,,
40-44,Male,,,,,25,13.0,15,11.1,28,11.3,29,12.3,,
40-44,Male,,,,,24,12.9,14,10.8,27,10.5,28,12.1,,
40-44,Male,,,,,23,12.8,13,10.5,26,10.2,27,11.9,,
40-44,Male,,,,,22,12.6,12,10.2,25,9.6,26,11.7,,
40-44,Male,,,,,21,12.5,11,9.9,24,9.0,25,11.5,,
40-44,Male,,,,,20,12.3,10,9.6,23,6.8,24,11.3,,
40-44,Male,,,,,19,12.2,9,9.3,22,4.5,23,11.0,,
40-44,Male,,,,,18,12.0,8,9.0,21,2.3,22,10.8,,
40-44,Male,,,,,17,11.7,7,8.7,21,10.7,,,,
40-44,Male,,,,,16,11.3,6,8.4,20,10.4,,,,
40-44,Male,,,,,15,10.5,5,8.1,19,10.2,,,,
40-44,Male,,,,,14,9.8,4,7.5,18,10.0,,,,
40-44,Male,,,,,13,9.0,17,9.8,,,,,,
40-44,Male,,,,,12,8.3,16,9.6,,,,,,
40-44,Male,,,,,11,7.5,15,9.4,,,,,,
40-44,Male,,,,,10,5.3,14,9.2,,,,,,
40-44,Male,,,,,9,3.0,13,8.9,,,,,,
40-44,Male,,,,,8,0.8,12,8.8,,,,,,
40-44,Male,,,,,11,8.6,,,,,,,,
40-44,Male,,,,,10,8.3,,,,,,,,
40-44,Male,,,,,9,8.1,,,,,,,,
40-44,Male,,,,,8,8.0,,,,,,,,
40-44,Male,,,,,7,7.7,,,,,,,,
40-44,Male,,,,,6,7.5,,,,,,,,
45-49,Male,16:30,50.0,68,50.0,,,,,,,,,,
45-49,Male,17:20,49.4,62,49.4,,,,,,,,,,
45-49,Male,17:37,48.8,59,48.8,,,,,,,,,,
45-49,Male,17:52,48.1,56,48.1,,,,,,,,,,
45-49,Male,18:06,47.5,54,47.5,,,,,,,,,,
45-49,Male,18:31,46.9,51,46.9,,,,,,,,,,
45-49,Male,18:42,46.3,48,46.3,,,,,,,,,,
45-49,Male,18:52,45.6,45,45.6,,,,,,,,,,
45-49,Male,19:03,45.0,42,45.0,,,,,,,,,,
45-49,Male,19:32,43.9,39,43.9,,,,,,,,,,
45-49,Male,19:50,42.9,36,42.9,,,,,,,,,,
45-49,Male,20:08,41.8,33,41.8,,,,,,,,,,
45-49,Male,20:26,40.7,30,40.7,,,,,,,,,,
45-49,Male,20:42,39.6,27,39.6,,,,,,,,,,
45-49,Male,20:58,38.6,24,38.6,,,,,,,,,,
45-49,Male,21:14,37.5,22,37.5,,,,,,,,,,
45-49,Male,21:45,35.5,19,35.5,,,,,,,,,,
45-49,Male,22:09,34.0,16,34.0,,,,,,,,,,
45-49,Male,22:35,32.5,14,32.5,,,,,,,,,,
45-49,Male,23:04,31.0,12,31.0,,,,,,,,,,
45-49,Male,,,,,37,15.0,28,15.0,35,15.0,40,15.0,3:05,15.0
45-49,Male,,,,,36,14.9,27,14.7,34,14.8,39,14.8,3:00,14.8
45-49,Male,,,,,35,14.7,26,14.4,33,14.6,38,14.6,2:54,14.5
45-49,Male,,,,,34,14.6,25,14.1,32,14.3,37,14.3,2:47,14.1
45-49,Male,,,,,33,14.4,24,13.8,31,14.1,36,14.1,2:40,13.8
45-49,Male,,,,,32,14.3,23,13.5,30,13.5,35,13.9,2:20,12.8
45-49,Male,,,,,31,14.1,22,13.2,29,13.2,34,13.7,2:00,11.9
45-49,Male,,,,,30,14.0,21,12.9,28,12.8,33,13.4,1:40,10.9
45-49,Male,,,,,29,13.8,20,12.6,27,12.5,32,13.2,1:20,9.9
45-49,Male,,,,,28,13.7,19,12.3,26,12.0,31,13.1,1:00,8.9
45-49,Male,,,,,27,13.5,18,12.0,25,11.3,30,12.8,,
45-49,Male,,,,,26,13.4,17,11.7,24,10.5,29,12.6,,
45-49,Male,,,,,25,13.2,16,11.4,23,9.8,28,12.4,,
45-49,Male,,,,,24,13.1,15,11.1,22,9.0,27,12.2,,
45-49,Male,,,,,23,12.9,14,10.8,21,6.8,26,11.9,,
45-49,Male,,,,,22,12.8,13,10.5,20,4.5,25,11.7,,
45-49,Male,,,,,21,12.6,12,10.2,19,2.3,24,11.5,,
45-49,Male,,,,,20,12.5,11,9.9,23,11.3,,,,
45-49,Male,,,,,19,12.3,10,9.6,22,11.0,,,,
45-49,Male,,,,,18,12.2,9,9.3,21,10.8,,,,
45-49,Male,,,,,17,12.0,8,9.0,20,10.6,,,,
45-49,Male,,,,,16,11.7,7,8.7,19,10.4,,,,
45-49,Male,,,,,15,11.3,6,8.4,18,10.1,,,,
45-49,Male,,,,,14,10.5,5,8.1,17,9.9,,,,
45-49,Male,,,,,13,9.8,4,7.5,16,9.7,,,,
45-49,Male,,,,,12,9.0,15,9.5,,,,,,
45-49,Male,,,,,11,8.3,14,9.3,,,,,,
45-49,Male,,,,,10,7.5,13,9.1,,,,,,
45-49,Male,,,,,9,5.3,12,8.9,,,,,,
45-49,Male,,,,,8,3.0,11,8.6,,,,,,
45-49,Male,,,,,7,0.8,10,8.4,,,,,,
45-49,Male,,,,,9,8.2,,,,,,,,
45-49,Male,,,,,8,8.0,,,,,,,,
45-49,Male,,,,,7,7.7,,,,,,,,
45-49,Male,,,,,6,7.5,,,,,,,,
50-54,Male,16:59,50.0,56,50.0,,,,,,,,,,
50-54,Male,18:05,49.4,53,49.4,,,,,,,,,,
50-54,Male,18:22,48.8,51,48.8,,,,,,,,,,
50-54,Male,18:37,48.1,48,48.1,,,,,,,,,,
50-54,Male,18:50,47.5,45,47.5,,,,,,,,,,
50-54,Male,19:15,46.9,42,46.9,,,,,,,,,,
50-54,Male,19:26,46.3,39,46.3,,,,,,,,,,
50-54,Male,19:37,45.6,36,45.6,,,,,,,,,,
50-54,Male,19:47,45.0,33,45.0,,,,,,,,,,
50-54,Male,20:16,43.9,30,43.9,,,,,,,,,,
50-54,Male,20:35,42.9,28,42.9,,,,,,,,,,
50-54,Male,20:53,41.8,25,41.8,,,,,,,,,,
50-54,Male,21:10,40.7,23,40.7,,,,,,,,,,
50-54,Male,21:27,39.6,20,39.6,,,,,,,,,,
50-54,Male,21:43,38.6,18,38.6,,,,,,,,,,
50-54,Male,21:59,37.5,16,37.5,,,,,,,,,,
50-54,Male,22:30,35.5,14,35.5,,,,,,,,,,
50-54,Male,22:54,34.0,12,34.0,,,,,,,,,,
50-54,Male,23:20,32.5,10,32.5,,,,,,,,,,
50-54,Male,23:49,31.0,8,31.0,,,,,,,,,,
50-54,Male,,,,,35,15.0,25,15.0,32,15.0,39,15.0,3:00,15.0
50-54,Male,,,,,34,14.9,24,14.7,31,14.6,38,14.8,2:55,14.8
50-54,Male,,,,,33,14.7,23,14.4,30,14.3,37,14.6,2:49,14.5
50-54,Male,,,,,32,14.6,22,14.1,29,13.5,36,14.3,2:42,14.1
50-54,Male,,,,,31,14.4,21,13.8,28,13.4,35,14.1,2:35,13.8
50-54,Male,,,,,30,14.3,20,13.5,27,13.2,34,13.9,2:15,12.8
50-54,Male,,,,,29,14.1,19,13.2,26,12.9,33,13.7,1:55,11.9
50-54,Male,,,,,28,14.0,18,12.9,25,12.8,32,13.4,1:35,10.9
50-54,Male,,,,,27,13.8,17,12.6,24,12.0,31,13.2,1:15,9.9
50-54,Male,,,,,26,13.7,16,12.3,23,11.3,30,13.0,,
50-54,Male,,,,,25,13.5,15,12.0,22,10.5,29,12.8,,
50-54,Male,,,,,24,13.2,14,11.7,21,9.8,28,12.5,,
50-54,Male,,,,,23,13.1,13,11.4,20,9.0,27,12.3,,
50-54,Male,,,,,22,13.0,12,11.1,19,6.8,26,12.1,,
50-54,Male,,,,,21,12.9,11,10.8,18,4.5,25,11.9,,
50-54,Male,,,,,20,12.8,10,10.5,17,2.3,24,11.6,,
50-54,Male,,,,,19,12.6,9,10.2,23,11.4,,,,
50-54,Male,,,,,18,12.5,8,9.9,22,11.1,,,,
50-54,Male,,,,,17,12.3,7,9.6,21,10.9,,,,
50-54,Male,,,,,16,12.2,6,9.3,20,10.7,,,,
50-54,Male,,,,,15,12.0,5,9.0,19,10.4,,,,
50-54,Male,,,,,14,11.3,4,8.7,18,10.2,,,,
50-54,Male,,,,,13,10.5,3,8.4,17,10.0,,,,
50-54,Male,,,,,12,9.8,2,8.1,16,9.8,,,,
50-54,Male,,,,,11,9.0,1,7.5,15,9.5,,,,
50-54,Male,,,,,10,8.3,14,9.3,,,,,,
50-54,Male,,,,,9,7.5,13,9.1,,,,,,
50-54,Male,,,,,8,5.3,12,8.9,,,,,,
50-54,Male,,,,,7,3.0,11,8.6,,,,,,
50-54,Male,,,,,6,0.8,10,8.4,,,,,,
50-54,Male,,,,,9,8.2,,,,,,,,
50-54,Male,,,,,8,8.0,,,,,,,,
50-54,Male,,,,,7,7.7,,,,,,,,
50-54,Male,,,,,6,7.5,,,,,,,,
55-59,Male,17:18,50.0,54,50.0,,,,,,,,,,
55-59,Male,17:56,49.4,51,49.4,,,,,,,,,,
55-59,Male,18:00,48.8,49,48.8,,,,,,,,,,
55-59,Male,18:25,48.1,46,48.1,,,,,,,,,,
55-59,Male,18:31,47.5,43,47.5,,,,,,,,,,
55-59,Male,18:46,46.9,40,46.9,,,,,,,,,,
55-59,Male,18:48,46.3,37,46.3,,,,,,,,,,
55-59,Male,18:56,45.6,34,45.6,,,,,,,,,,
55-59,Male,18:59,45.0,31,45.0,,,,,,,,,,
55-59,Male,19:29,43.9,28,43.9,,,,,,,,,,
55-59,Male,19:45,42.9,26,42.9,,,,,,,,,,
55-59,Male,20:02,41.8,23,41.8,,,,,,,,,,
55-59,Male,20:17,40.7,21,40.7,,,,,,,,,,
55-59,Male,20:31,39.6,18,39.6,,,,,,,,,,
55-59,Male,20:43,38.6,16,38.6,,,,,,,,,,
55-59,Male,20:44,37.5,14,37.5,,,,,,,,,,
55-59,Male,21:32,35.5,12,35.5,,,,,,,,,,
55-59,Male,21:59,34.0,10,34.0,,,,,,,,,,
55-59,Male,22:33,32.5,8,32.5,,,,,,,,,,
55-59,Male,23:22,31.0,6,31.0,,,,,,,,,,
55-59,Male,,,,,28,15.0,25,15.0,32,15.0,38,15.0,2:55,15.0
55-59,Male,,,,,27,14.8,24,14.7,31,14.8,37,14.8,2:50,14.8
55-59,Male,,,,,26,14.6,23,14.4,30,14.6,36,14.6,2:44,14.5
55-59,Male,,,,,25,14.4,22,14.1,29,14.4,35,14.3,2:37,14.1
55-59,Male,,,,,24,14.3,21,13.8,28,14.3,34,14.1,2:30,13.8
55-59,Male,,,,,23,14.0,20,13.5,27,13.5,33,13.8,2:10,12.8
55-59,Male,,,,,22,13.5,19,13.2,26,13.4,32,13.6,1:50,11.9
55-59,Male,,,,,21,13.2,18,12.9,25,13.2,31,13.4,1:30,10.9
55-59,Male,,,,,20,12.9,17,12.6,24,12.9,30,13.1,1:10,9.9
55-59,Male,,,,,19,12.8,16,12.3,23,12.8,29,12.9,,
55-59,Male,,,,,18,12.6,15,12.0,22,12.0,28,12.7,,
55-59,Male,,,,,17,12.5,14,11.7,21,11.3,27,12.5,,
55-59,Male,,,,,16,12.3,13,11.4,20,11.0,26,12.2,,
55-59,Male,,,,,15,12.2,12,11.1,19,10.5,25,11.9,,
55-59,Male,,,,,14,12.0,11,10.8,18,10.2,24,11.7,,
55-59,Male,,,,,13,11.3,10,10.5,17,9.8,23,11.5,,
55-59,Male,,,,,12,10.5,9,10.2,16,9.5,22,11.3,,
55-59,Male,,,,,11,9.8,8,9.9,15,9.0,21,11.0,,
55-59,Male,,,,,10,9.0,7,9.6,14,6.8,20,10.8,,
55-59,Male,,,,,9,8.3,6,9.3,13,4.5,19,10.6,,
55-59,Male,,,,,8,7.5,5,9.0,12,2.3,18,10.4,,
55-59,Male,,,,,7,5.3,4,8.7,17,10.1,,,,
55-59,Male,,,,,6,3.0,3,8.4,16,9.8,,,,
55-59,Male,,,,,5,0.8,2,8.1,15,9.6,,,,
55-59,Male,,,,,1,7.5,14,9.4,,,,,,
55-59,Male,,,,,13,9.2,,,,,,,,
55-59,Male,,,,,12,8.9,,,,,,,,
55-59,Male,,,,,11,8.7,,,,,,,,
55-59,Male,,,,,10,8.5,,,,,,,,
55-59,Male,,,,,9,8.2,,,,,,,,
55-59,Male,,,,,8,8.0,,,,,,,,
55-59,Male,,,,,7,7.7,,,,,,,,
55-59,Male,,,,,6,7.5,,,,,,,,
55-59,Male,17:18,50.0,48,50.0,,,,,,,,,,
55-59,Male,17:56,49.4,45,49.4,,,,,,,,,,
55-59,Male,18:00,48.8,43,48.8,,,,,,,,,,
55-59,Male,18:25,48.1,40,48.1,,,,,,,,,,
55-59,Male,18:31,47.5,38,47.5,,,,,,,,,,
55-59,Male,18:46,46.9,36,46.9,,,,,,,,,,
55-59,Male,18:48,46.3,34,46.3,,,,,,,,,,
55-59,Male,18:56,45.6,32,45.6,,,,,,,,,,
55-59,Male,18:59,45.0,30,45.0,,,,,,,,,,
55-59,Male,20:43,38.6,15,38.6,,,,,,,,,,
55-59,Male,20:44,37.5,12,37.5,,,,,,,,,,
55-59,Male,21:32,35.5,10,35.5,,,,,,,,,,
55-59,Male,22:02,34.0,8,34.0,,,,,,,,,,
55-59,Male,22:44,32.5,6,32.5,,,,,,,,,,
55-59,Male,23:22,31.0,4,31.0,,,,,,,,,,
55-59,Male,,,,,21,15.0,24,15.0,31,15.0,32,15.0,2:50,15.0
55-59,Male,,,,,20,14.6,23,14.7,30,14.8,31,14.7,2:45,14.8
55-59,Male,,,,,19,14.3,22,14.4,29,14.6,30,14.5,2:39,14.5
55-59,Male,,,,,18,14.1,21,14.1,28,14.3,29,14.2,2:32,14.1
55-59,Male,,,,,17,13.5,20,13.8,27,14.1,28,13.9,2:25,13.8
55-59,Male,,,,,16,13.2,19,13.5,26,13.5,27,13.6,2:05,12.8
55-59,Male,,,,,15,12.8,18,13.2,25,13.4,26,13.4,1:45,11.9
55-59,Male,,,,,14,12.0,17,12.9,24,13.2,25,13.1,1:25,10.9
55-59,Male,,,,,13,11.3,16,12.6,23,13.1,24,12.8,1:05,9.9
55-59,Male,,,,,12,10.5,15,12.3,22,12.9,23,12.5,,
55-59,Male,,,,,11,9.8,14,12.0,21,12.8,22,12.2,,
55-59,Male,,,,,10,9.0,13,11.7,20,12.6,21,11.9,,
55-59,Male,,,,,9,8.6,12,11.4,19,12.5,20,11.7,,
55-59,Male,,,,,8,8.0,11,11.1,18,12.3,19,11.4,,
55-59,Male,,,,,7,7.5,10,10.8,17,12.0,18,11.1,,
55-59,Male,,,,,6,5.3,9,10.5,16,11.7,17,10.8,,
55-59,Male,,,,,5,3.0,8,10.2,15,11.3,16,10.6,,
55-59,Male,,,,,4,0.8,7,9.9,14,11.0,15,10.3,,
55-59,Male,,,,,6,9.6,13,10.5,14,10.0,,,,
55-59,Male,,,,,5,9.3,12,9.8,13,9.8,,,,
55-59,Male,,,,,4,9.0,12,9.5,,,,,,
55-59,Male,,,,,3,8.7,10,6.8,11,9.2,,,,
55-59,Male,,,,,2,8.4,9,4.5,10,8.9,,,,
55-59,Male,,,,,1,7.5,8,2.3,9,8.6,,,,
55-59,Male,,,,,8,8.3,,,,,,,,
55-59,Male,,,,,7,8.0,,,,,,,,
55-59,Male,,,,,6,7.8,,,,,,,,
55-59,Male,,,,,5,7.5,,,,,,,,
